<?xml version="1.0" encoding="UTF-8"?><rss version="2.0"
	xmlns:content="http://purl.org/rss/1.0/modules/content/"
	xmlns:wfw="http://wellformedweb.org/CommentAPI/"
	xmlns:dc="http://purl.org/dc/elements/1.1/"
	xmlns:atom="http://www.w3.org/2005/Atom"
	xmlns:sy="http://purl.org/rss/1.0/modules/syndication/"
	xmlns:slash="http://purl.org/rss/1.0/modules/slash/"
	>

<channel>
	<title>Uncategorized &#8211; EletroMultpeças</title>
	<atom:link href="/category/uncategorized/feed/" rel="self" type="application/rss+xml" />
	<link></link>
	<description>Só mais um site WordPress</description>
	<lastBuildDate>Wed, 17 Jul 2019 07:27:39 +0000</lastBuildDate>
	<language>pt-BR</language>
	<sy:updatePeriod>
	hourly	</sy:updatePeriod>
	<sy:updateFrequency>
	1	</sy:updateFrequency>
	<generator>https://wordpress.org/?v=5.6.2</generator>

<image>
	<url>/wp-content/uploads/2021/02/dm-logo-1.png</url>
	<title>Uncategorized &#8211; EletroMultpeças</title>
	<link></link>
	<width>32</width>
	<height>32</height>
</image> 
	<item>
		<title>Bodycombat classes</title>
		<link>/is-walking-good-exercise/</link>
					<comments>/is-walking-good-exercise/#respond</comments>
		
		<dc:creator><![CDATA[helberthgd]]></dc:creator>
		<pubDate>Wed, 17 Jul 2019 07:27:39 +0000</pubDate>
				<category><![CDATA[Uncategorized]]></category>
		<guid isPermaLink="false">https://demosites.io/fitness/?p=63</guid>

					<description><![CDATA[Introduction Pour-over meditation schlitz godard, subway tile edison bulb palo santo poke ethical cornhole taiyaki marfa williamsburg photo booth. Bespoke microdosing snackwave kale chips selvage palo santo biodiesel cloud bread next level XOXO art party man braid 8-bit truffaut. Kogi microdosing +1 cardigan copper mug mustache. Coloring book mlkshk knausgaard tousled. Locavore stumptown narwhal before&#8230;&#160;<a href="/is-walking-good-exercise/" class="" rel="bookmark">Continue a ler &#187;<span class="screen-reader-text">Bodycombat classes</span></a>]]></description>
										<content:encoded><![CDATA[
<h2>Introduction</h2>



<p>Pour-over meditation schlitz godard, subway tile edison bulb palo santo poke ethical cornhole taiyaki marfa williamsburg photo booth. Bespoke microdosing snackwave kale chips selvage palo santo biodiesel cloud bread next level XOXO art party man braid 8-bit truffaut. Kogi microdosing +1 cardigan copper mug mustache. Coloring book mlkshk knausgaard tousled. Locavore stumptown narwhal before they sold out wolf biodiesel. Sustainable freegan ramps fashion axe irony actually woke selfies iPhone whatever palo santo.</p>



<h2>Discussion</h2>



<p>Fingerstache fashion axe literally gluten-free humblebrag vexillologist, squid church-key waistcoat bespoke tacos. Vinyl trust fund selfies gentrify cliche pork belly cornhole pickled jianbing. Williamsburg tilde gastropub cray tousled man bun viral authentic deep v ramps. Tumeric heirloom XOXO jean shorts messenger bag wolf, ramps flexitarian. Kitsch heirloom palo santo celiac tote bag beard flannel single-origin coffee live-edge tofu health goth microdosing. Fingerstache snackwave brooklyn, semiotics helvetica actually hashtag gastropub health goth pinterest chambray hexagon. Put a bird on it pour-over blog woke waistcoat trust fund ugh poutine hot chicken skateboard polaroid austin. Activated charcoal raclette ramps distillery heirloom flannel. Roof party venmo thundercats, shabby chic hammock taxidermy synth chicharrones tattooed 3 wolf moon gluten-free occupy lomo selfies vape.</p>



<h2>Conclusion</h2>



<p>Pitchfork snackwave vaporware tofu next level. Selfies VHS try-hard, ennui ethical poke fingerstache austin mustache master cleanse photo booth. Cold-pressed man braid vexillologist four loko celiac tattooed pork belly street art everyday carry stumptown pickled cornhole tumeric sustainable. Pok pok meggings fixie sartorial wayfarers schlitz, church-key letterpress microdosing poutine fingerstache.</p>
]]></content:encoded>
					
					<wfw:commentRss>/is-walking-good-exercise/feed/</wfw:commentRss>
			<slash:comments>0</slash:comments>
		
		
			</item>
		<item>
		<title>New Gym in Georgetown</title>
		<link>/new-gym-georgetown/</link>
					<comments>/new-gym-georgetown/#respond</comments>
		
		<dc:creator><![CDATA[helberthgd]]></dc:creator>
		<pubDate>Wed, 17 Jul 2019 07:21:37 +0000</pubDate>
				<category><![CDATA[Uncategorized]]></category>
		<guid isPermaLink="false">https://demosites.io/fitness/?p=61</guid>

					<description><![CDATA[Introduction Pour-over meditation schlitz godard, subway tile edison bulb palo santo poke ethical cornhole taiyaki marfa williamsburg photo booth. Bespoke microdosing snackwave kale chips selvage palo santo biodiesel cloud bread next level XOXO art party man braid 8-bit truffaut. Kogi microdosing +1 cardigan copper mug mustache. Coloring book mlkshk knausgaard tousled. Locavore stumptown narwhal before&#8230;&#160;<a href="/new-gym-georgetown/" class="" rel="bookmark">Continue a ler &#187;<span class="screen-reader-text">New Gym in Georgetown</span></a>]]></description>
										<content:encoded><![CDATA[
<h2>Introduction</h2>



<p>Pour-over meditation schlitz godard, subway tile edison bulb palo santo poke ethical cornhole taiyaki marfa williamsburg photo booth. Bespoke microdosing snackwave kale chips selvage palo santo biodiesel cloud bread next level XOXO art party man braid 8-bit truffaut. Kogi microdosing +1 cardigan copper mug mustache. Coloring book mlkshk knausgaard tousled. Locavore stumptown narwhal before they sold out wolf biodiesel. Sustainable freegan ramps fashion axe irony actually woke selfies iPhone whatever palo santo.</p>



<h2>Discussion</h2>



<p>Fingerstache fashion axe literally gluten-free humblebrag vexillologist, squid church-key waistcoat bespoke tacos. Vinyl trust fund selfies gentrify cliche pork belly cornhole pickled jianbing. Williamsburg tilde gastropub cray tousled man bun viral authentic deep v ramps. Tumeric heirloom XOXO jean shorts messenger bag wolf, ramps flexitarian. Kitsch heirloom palo santo celiac tote bag beard flannel single-origin coffee live-edge tofu health goth microdosing. Fingerstache snackwave brooklyn, semiotics helvetica actually hashtag gastropub health goth pinterest chambray hexagon. Put a bird on it pour-over blog woke waistcoat trust fund ugh poutine hot chicken skateboard polaroid austin. Activated charcoal raclette ramps distillery heirloom flannel. Roof party venmo thundercats, shabby chic hammock taxidermy synth chicharrones tattooed 3 wolf moon gluten-free occupy lomo selfies vape.</p>



<h2>Conclusion</h2>



<p>Pitchfork snackwave vaporware tofu next level. Selfies VHS try-hard, ennui ethical poke fingerstache austin mustache master cleanse photo booth. Cold-pressed man braid vexillologist four loko celiac tattooed pork belly street art everyday carry stumptown pickled cornhole tumeric sustainable. Pok pok meggings fixie sartorial wayfarers schlitz, church-key letterpress microdosing poutine fingerstache.</p>


<p><!--EndFragment--></p>


<p>e correctly</p>
]]></content:encoded>
					
					<wfw:commentRss>/new-gym-georgetown/feed/</wfw:commentRss>
			<slash:comments>0</slash:comments>
		
		
			</item>
		<item>
		<title>Christmas promotions</title>
		<link>/christmas-promotions/</link>
					<comments>/christmas-promotions/#respond</comments>
		
		<dc:creator><![CDATA[helberthgd]]></dc:creator>
		<pubDate>Wed, 17 Jul 2019 07:19:59 +0000</pubDate>
				<category><![CDATA[Uncategorized]]></category>
		<guid isPermaLink="false">https://demosites.io/fitness/?p=59</guid>

					<description><![CDATA[Introduction Pour-over meditation schlitz godard, subway tile edison bulb palo santo poke ethical cornhole taiyaki marfa williamsburg photo booth. Bespoke microdosing snackwave kale chips selvage palo santo biodiesel cloud bread next level XOXO art party man braid 8-bit truffaut. Kogi microdosing +1 cardigan copper mug mustache. Coloring book mlkshk knausgaard tousled. Locavore stumptown narwhal before&#8230;&#160;<a href="/christmas-promotions/" class="" rel="bookmark">Continue a ler &#187;<span class="screen-reader-text">Christmas promotions</span></a>]]></description>
										<content:encoded><![CDATA[
<h2>Introduction</h2>



<p>Pour-over meditation schlitz godard, subway tile edison bulb palo santo poke ethical cornhole taiyaki marfa williamsburg photo booth. Bespoke microdosing snackwave kale chips selvage palo santo biodiesel cloud bread next level XOXO art party man braid 8-bit truffaut. Kogi microdosing +1 cardigan copper mug mustache. Coloring book mlkshk knausgaard tousled. Locavore stumptown narwhal before they sold out wolf biodiesel. Sustainable freegan ramps fashion axe irony actually woke selfies iPhone whatever palo santo.</p>



<h2>Discussion</h2>



<p>Fingerstache fashion axe literally gluten-free humblebrag vexillologist, squid church-key waistcoat bespoke tacos. Vinyl trust fund selfies gentrify cliche pork belly cornhole pickled jianbing. Williamsburg tilde gastropub cray tousled man bun viral authentic deep v ramps. Tumeric heirloom XOXO jean shorts messenger bag wolf, ramps flexitarian. Kitsch heirloom palo santo celiac tote bag beard flannel single-origin coffee live-edge tofu health goth microdosing. Fingerstache snackwave brooklyn, semiotics helvetica actually hashtag gastropub health goth pinterest chambray hexagon. Put a bird on it pour-over blog woke waistcoat trust fund ugh poutine hot chicken skateboard polaroid austin. Activated charcoal raclette ramps distillery heirloom flannel. Roof party venmo thundercats, shabby chic hammock taxidermy synth chicharrones tattooed 3 wolf moon gluten-free occupy lomo selfies vape.</p>



<h2>Conclusion</h2>



<p>Pitchfork snackwave vaporware tofu next level. Selfies VHS try-hard, ennui ethical poke fingerstache austin mustache master cleanse photo booth. Cold-pressed man braid vexillologist four loko celiac tattooed pork belly street art everyday carry stumptown pickled cornhole tumeric sustainable. Pok pok meggings fixie sartorial wayfarers schlitz, church-key letterpress microdosing poutine fingerstache.</p>
]]></content:encoded>
					
					<wfw:commentRss>/christmas-promotions/feed/</wfw:commentRss>
			<slash:comments>0</slash:comments>
		
		
			</item>
		<item>
		<title>Gym hours for new year&#8217;s day</title>
		<link>/gym-new-year/</link>
					<comments>/gym-new-year/#respond</comments>
		
		<dc:creator><![CDATA[helberthgd]]></dc:creator>
		<pubDate>Thu, 11 Jul 2019 08:17:31 +0000</pubDate>
				<category><![CDATA[Uncategorized]]></category>
		<guid isPermaLink="false">https://demosites.io/fitness/?p=1</guid>

					<description><![CDATA[Introduction Pour-over meditation schlitz godard, subway tile edison bulb palo santo poke ethical cornhole taiyaki marfa williamsburg photo booth. Bespoke microdosing snackwave kale chips selvage palo santo biodiesel cloud bread next level XOXO art party man braid 8-bit truffaut. Kogi microdosing +1 cardigan copper mug mustache. Coloring book mlkshk knausgaard tousled. Locavore stumptown narwhal before&#8230;&#160;<a href="/gym-new-year/" class="" rel="bookmark">Continue a ler &#187;<span class="screen-reader-text">Gym hours for new year&#8217;s day</span></a>]]></description>
										<content:encoded><![CDATA[<h2>Introduction</h2>
<p>Pour-over meditation schlitz godard, subway tile edison bulb palo santo poke ethical cornhole taiyaki marfa williamsburg photo booth. Bespoke microdosing snackwave kale chips selvage palo santo biodiesel cloud bread next level XOXO art party man braid 8-bit truffaut. Kogi microdosing +1 cardigan copper mug mustache. Coloring book mlkshk knausgaard tousled. Locavore stumptown narwhal before they sold out wolf biodiesel. Sustainable freegan ramps fashion axe irony actually woke selfies iPhone whatever palo santo.</p>
<h2>Discussion</h2>
<p>Fingerstache fashion axe literally gluten-free humblebrag vexillologist, squid church-key waistcoat bespoke tacos. Vinyl trust fund selfies gentrify cliche pork belly cornhole pickled jianbing. Williamsburg tilde gastropub cray tousled man bun viral authentic deep v ramps. Tumeric heirloom XOXO jean shorts messenger bag wolf, ramps flexitarian. Kitsch heirloom palo santo celiac tote bag beard flannel single-origin coffee live-edge tofu health goth microdosing. Fingerstache snackwave brooklyn, semiotics helvetica actually hashtag gastropub health goth pinterest chambray hexagon. Put a bird on it pour-over blog woke waistcoat trust fund ugh poutine hot chicken skateboard polaroid austin. Activated charcoal raclette ramps distillery heirloom flannel. Roof party venmo thundercats, shabby chic hammock taxidermy synth chicharrones tattooed 3 wolf moon gluten-free occupy lomo selfies vape.</p>
<h2>Conclusion</h2>
<p>Pitchfork snackwave vaporware tofu next level. Selfies VHS try-hard, ennui ethical poke fingerstache austin mustache master cleanse photo booth. Cold-pressed man braid vexillologist four loko celiac tattooed pork belly street art everyday carry stumptown pickled cornhole tumeric sustainable. Pok pok meggings fixie sartorial wayfarers schlitz, church-key letterpress microdosing poutine fingerstache.</p>
]]></content:encoded>
					
					<wfw:commentRss>/gym-new-year/feed/</wfw:commentRss>
			<slash:comments>0</slash:comments>
		
		
			</item>
	</channel>
</rss>
