<?xml version="1.0" encoding="UTF-8"?><rss version="2.0"
	xmlns:content="http://purl.org/rss/1.0/modules/content/"
	xmlns:dc="http://purl.org/dc/elements/1.1/"
	xmlns:atom="http://www.w3.org/2005/Atom"
	xmlns:sy="http://purl.org/rss/1.0/modules/syndication/"
	
	>
<channel>
	<title>
	Comentários sobre: Christmas promotions	</title>
	<atom:link href="/christmas-promotions/feed/" rel="self" type="application/rss+xml" />
	<link>/christmas-promotions/</link>
	<description>Só mais um site WordPress</description>
	<lastBuildDate>Wed, 17 Jul 2019 07:19:59 +0000</lastBuildDate>
	<sy:updatePeriod>
	hourly	</sy:updatePeriod>
	<sy:updateFrequency>
	1	</sy:updateFrequency>
	<generator>https://wordpress.org/?v=5.6.2</generator>
</channel>
</rss>
